Workers,Run,TotalTime,CommonUtils,RobotDescription,PatternFinder,CottonDetection,MotorControl,VehicleControl,YanthraMove
1,1,430.172671876,3.67s,7.38s,27.6s,1m49s,2m30s,4.09s,2m6s
1,2,401.113113553,4.18s,7.79s,30.1s,2m6s,1m37s,4.18s,2m9s
1,3,379.067497141,3.68s,7.02s,28.3s,1m41s,2m3s,3.61s,1m48s
1,4,485.964534917,4.13s,7.28s,29.7s,2m29s,3m9s,4.08s,1m42s
1,5,427.621651861,3.92s,5.72s,27.8s,2m45s,2m25s,3.74s,1m15s
